"","dev","p_value"
"January",-1089.34485390815,1
"March",1.82516956857769,0.176699159069598
"May",0.341673114168316,0.558865057157391
"June",2.29063669642498,0.13015652096468
"July",0.00926094821461731,0.923334870554408
"August",1.80356594152711,0.179281987085409
"September",0.713757600983229,0.398199194688755
"October",1.14448916204798,0.284705739513677
"November",1.85434085660305,0.173279369931406
"December",0.245871650849104,0.619997094364146
